{
  "all_models": {
    "knn": {
      "accuracy": 0.9583333333333334,
      "classification_report": {
        "0": {
          "f1-score": 1.0,
          "precision": 1.0,
          "recall": 1.0,
          "support": 8.0
        },
        "1": {
          "f1-score": 1.0,
          "precision": 1.0,
          "recall": 1.0,
          "support": 8.0
        },
        "2": {
          "f1-score": 1.0,
          "precision": 1.0,
          "recall": 1.0,
          "support": 8.0
        },
        "3": {
          "f1-score": 0.8571428571428571,
          "precision": 1.0,
          "recall": 0.75,
          "support": 8.0
        },
        "4": {
          "f1-score": 0.888888888888889,
          "precision": 0.8,
          "recall": 1.0,
          "support": 8.0
        },
        "5": {
          "f1-score": 1.0,
          "precision": 1.0,
          "recall": 1.0,
          "support": 8.0
        },
        "accuracy": 0.9583333333333334,
        "macro avg": {
          "f1-score": 0.9576719576719577,
          "precision": 0.9666666666666667,
          "recall": 0.9583333333333334,
          "support": 48.0
        },
        "weighted avg": {
          "f1-score": 0.9576719576719577,
          "precision": 0.9666666666666667,
          "recall": 0.9583333333333334,
          "support": 48.0
        }
      },
      "confusion_matrix": [
        [
          8,
          0,
          0,
          0,
          0,
          0
        ],
        [
          0,
          8,
          0,
          0,
          0,
          0
        ],
        [
          0,
          0,
          8,
          0,
          0,
          0
        ],
        [
          0,
          0,
          0,
          6,
          2,
          0
        ],
        [
          0,
          0,
          0,
          0,
          8,
          0
        ],
        [
          0,
          0,
          0,
          0,
          0,
          8
        ]
      ]
    },
    "logistic_regression": {
      "accuracy": 1.0,
      "classification_report": {
        "0": {
          "f1-score": 1.0,
          "precision": 1.0,
          "recall": 1.0,
          "support": 8.0
        },
        "1": {
          "f1-score": 1.0,
          "precision": 1.0,
          "recall": 1.0,
          "support": 8.0
        },
        "2": {
          "f1-score": 1.0,
          "precision": 1.0,
          "recall": 1.0,
          "support": 8.0
        },
        "3": {
          "f1-score": 1.0,
          "precision": 1.0,
          "recall": 1.0,
          "support": 8.0
        },
        "4": {
          "f1-score": 1.0,
          "precision": 1.0,
          "recall": 1.0,
          "support": 8.0
        },
        "5": {
          "f1-score": 1.0,
          "precision": 1.0,
          "recall": 1.0,
          "support": 8.0
        },
        "accuracy": 1.0,
        "macro avg": {
          "f1-score": 1.0,
          "precision": 1.0,
          "recall": 1.0,
          "support": 48.0
        },
        "weighted avg": {
          "f1-score": 1.0,
          "precision": 1.0,
          "recall": 1.0,
          "support": 48.0
        }
      },
      "confusion_matrix": [
        [
          8,
          0,
          0,
          0,
          0,
          0
        ],
        [
          0,
          8,
          0,
          0,
          0,
          0
        ],
        [
          0,
          0,
          8,
          0,
          0,
          0
        ],
        [
          0,
          0,
          0,
          8,
          0,
          0
        ],
        [
          0,
          0,
          0,
          0,
          8,
          0
        ],
        [
          0,
          0,
          0,
          0,
          0,
          8
        ]
      ]
    },
    "random_forest": {
      "accuracy": 1.0,
      "classification_report": {
        "0": {
          "f1-score": 1.0,
          "precision": 1.0,
          "recall": 1.0,
          "support": 8.0
        },
        "1": {
          "f1-score": 1.0,
          "precision": 1.0,
          "recall": 1.0,
          "support": 8.0
        },
        "2": {
          "f1-score": 1.0,
          "precision": 1.0,
          "recall": 1.0,
          "support": 8.0
        },
        "3": {
          "f1-score": 1.0,
          "precision": 1.0,
          "recall": 1.0,
          "support": 8.0
        },
        "4": {
          "f1-score": 1.0,
          "precision": 1.0,
          "recall": 1.0,
          "support": 8.0
        },
        "5": {
          "f1-score": 1.0,
          "precision": 1.0,
          "recall": 1.0,
          "support": 8.0
        },
        "accuracy": 1.0,
        "macro avg": {
          "f1-score": 1.0,
          "precision": 1.0,
          "recall": 1.0,
          "support": 48.0
        },
        "weighted avg": {
          "f1-score": 1.0,
          "precision": 1.0,
          "recall": 1.0,
          "support": 48.0
        }
      },
      "confusion_matrix": [
        [
          8,
          0,
          0,
          0,
          0,
          0
        ],
        [
          0,
          8,
          0,
          0,
          0,
          0
        ],
        [
          0,
          0,
          8,
          0,
          0,
          0
        ],
        [
          0,
          0,
          0,
          8,
          0,
          0
        ],
        [
          0,
          0,
          0,
          0,
          8,
          0
        ],
        [
          0,
          0,
          0,
          0,
          0,
          8
        ]
      ]
    }
  },
  "best_model": "logistic_regression"
}